[
	{
		"inputs": [
			{
				"internalType": "string",
				"name": "name",
				"type": "string"
			},
			{
				"internalType": "string",
				"name": "destination",
				"type": "string"
			},
			{
				"internalType": "string",
				"name": "checkIn",
				"type": "string"
			},
			{
				"internalType": "string",
				"name": "checkOut",
				"type": "string"
			},
			{
				"internalType": "string",
				"name": "imageUrl",
				"type": "string"
			}
		],
		"name": "addNewBooking",
		"outputs": [],
		"stateMutability": "payable",
		"type": "function"
	},
	{
		"inputs": [],
		"stateMutability": "nonpayable",
		"type": "constructor"
	},
	{
		"anonymous": false,
		"inputs": [
			{
				"indexed": false,
				"internalType": "string",
				"name": "name",
				"type": "string"
			},
			{
				"indexed": false,
				"internalType": "string",
				"name": "destination",
				"type": "string"
			},
			{
				"indexed": false,
				"internalType": "string",
				"name": "checkIn",
				"type": "string"
			},
			{
				"indexed": false,
				"internalType": "string",
				"name": "checkOut",
				"type": "string"
			},
			{
				"indexed": false,
				"internalType": "string",
				"name": "imageUrl",
				"type": "string"
			}
		],
		"name": "newDatebooked",
		"type": "event"
	},
	{
		"inputs": [],
		"name": "owner",
		"outputs": [
			{
				"internalType": "address",
				"name": "",
				"type": "address"
			}
		],
		"stateMutability": "view",
		"type": "function"
	},
	{
		"inputs": [],
		"name": "showMyBookings",
		"outputs": [
			{
				"components": [
					{
						"internalType": "string",
						"name": "name",
						"type": "string"
					},
					{
						"internalType": "string",
						"name": "destination",
						"type": "string"
					},
					{
						"internalType": "string",
						"name": "checkIn",
						"type": "string"
					},
					{
						"internalType": "string",
						"name": "checkOut",
						"type": "string"
					},
					{
						"internalType": "string",
						"name": "imageUrl",
						"type": "string"
					}
				],
				"internalType": "struct aibnb.BookingDetails[]",
				"name": "",
				"type": "tuple[]"
			}
		],
		"stateMutability": "view",
		"type": "function"
	}
]